method,valid_predictions,skipped_predictions,mae,rmse,mean_error
idw,11,0,18.52705706104367,20.936568874560468,-0.432575226405039
nearest,11,0,21.454545454545453,23.85943685992457,4.7272727272727275
cubic,7,4,12.332009742678537,14.584889588424222,0.7970190584334408
linear,7,4,13.017370688240163,15.586178327202763,-0.6682722752686711
